file_name,true_count,pred_count,error
image_67161345_JPG.rf.3f6a1049508261de0b50026d695c800f.jpg,12,9,-3
image_67181313_JPG.rf.51f1d2fdae34937767d3b9afad8e7c18.jpg,7,7,0
image_67212033_JPG.rf.705634c374b66bace56c07f95db8727e.jpg,12,12,0
IMG_7630_jpg.rf.82b279eebdc93ab4bf73474683996e7a.jpg,11,10,-1
IMG_7631_jpg.rf.7eb481a3588efb6fa1c519f31ab39233.jpg,11,12,1
IMG_7632_jpg.rf.1edf0cd2eea14bf7c1fe753ec7f4fa6a.jpg,11,11,0
IMG_7633_jpg.rf.55d267513c0cb19b815e452f484303e4.jpg,9,8,-1
IMG_7634_jpg.rf.dfb00e315fe854c2937dafbf36731cba.jpg,10,10,0
IMG_7635_jpg.rf.2d82e94b0199e36dd99cc7924b59a394.jpg,10,10,0
IMG_7639_jpg.rf.6bf04f7d24773ea45b4c0768107deb48.jpg,11,10,-1
IMG_7640_jpg.rf.450840adeae7e445d06de8218b9f2a02.jpg,11,11,0
IMG_7641_jpg.rf.f5858052be802f8ff11d96af602b8f0b.jpg,9,8,-1
IMG_7642_jpg.rf.25458c6785ea360dc857910769f2cdcc.jpg,9,8,-1
IMG_7643_jpg.rf.8edc50d663632a731f8e3082fcd7c11a.jpg,9,10,1
IMG_7645_jpg.rf.9cdc0c6657c45a2056b026870a02ef51.jpg,23,21,-2
IMG_7650_jpg.rf.6acdfd813a2bcff1e7cc98c1a141659f.jpg,0,0,0
IMG_7651_jpg.rf.eddc0fa498c35ceef983f97d4f567423.jpg,0,0,0
IMG_7652_jpg.rf.f7432a3552e4043b755e3074b786a466.jpg,0,0,0
IMG_7653_jpg.rf.58d2e3c44f923fcae199676c7bc8170e.jpg,9,8,-1
IMG_7654_jpg.rf.b39f84466b3909da5ba80148d3c1a9bd.jpg,8,6,-2
IMG_7655_jpg.rf.b9bd2fbbed6f6b765dae6476b5be573f.jpg,5,6,1
IMG_7656_jpg.rf.dcb521c9fe163dea7050b2abbc4df4fb.jpg,5,5,0
IMG_7657_jpg.rf.626a87d0915461f57734fb61a1f50879.jpg,8,1,-7
IMG_7658_jpg.rf.b8a787ba0faab8e4ed3c5f90e219e9f9.jpg,8,7,-1
IMG_7659_jpg.rf.fd04b032284d67f2902ee93b7d89dc35.jpg,9,8,-1
IMG_7661_jpg.rf.4ce5a9080eaa3582aee52e0058910052.jpg,7,7,0
IMG_7662_jpg.rf.402a0a7acc513d90a3b60445d6e678d1.jpg,7,7,0
IMG_7664_jpg.rf.abe9749e8f534d1481e0876d44b60715.jpg,9,9,0
IMG_7666_jpg.rf.b2fd15977b97bb367dee4a97ba80c537.jpg,9,6,-3
IMG_7667_jpg.rf.a0b57e3a8e214fbf34ed66cd5716c367.jpg,9,10,1
IMG_7668_jpg.rf.37c148061c9f00fd895437880de95388.jpg,9,9,0
IMG_7670_jpg.rf.96efa59f25e863806cd1323e36a5345a.jpg,9,6,-3
IMG_7671_jpg.rf.e454c730e945c4022007ddb6ba2590e2.jpg,8,8,0
IMG_7672_jpg.rf.30542c8f86e5974671ae6b95781aabf8.jpg,8,7,-1
IMG_7673_jpg.rf.927ba302dcbb9d898060eb4bcb755567.jpg,8,6,-2
IMG_7674_jpg.rf.a12cbeb2fd54a6055941122312610174.jpg,8,7,-1
IMG_7675_jpg.rf.62a5fae1028d2be66a5b2a7b949df2c5.jpg,5,3,-2
IMG_7676_jpg.rf.78572d3cff8839556736d01ac7abff94.jpg,5,1,-4
IMG_7677_jpg.rf.629f7886bb9a7aca5cdf798cf70274e9.jpg,5,6,1
IMG_7678_jpg.rf.42e8eba64410aaa6743834bebaaa1e03.jpg,9,9,0
IMG_7679_jpg.rf.eec942c61ff253bee42bb79a1b545cd8.jpg,9,4,-5
IMG_7680_jpg.rf.3336be9a956d8923888de24d3469ca09.jpg,7,7,0
IMG_7681_jpg.rf.523b92d7a6dd078cbadde7ffcc1dd519.jpg,0,0,0
IMG_7682_jpg.rf.4be4128d1967f80f78859e228850eb5d.jpg,0,3,3
IMG_7683_jpg.rf.80eca8016d3f6fec37a8eae04bdf0cf0.jpg,0,0,0
IMG_7684_jpg.rf.409ea739f5b56e9f83e203427ccc2298.jpg,0,0,0
IMG_7691_jpg.rf.465e229cc10cdc608f16166b101d6b61.jpg,11,9,-2
IMG_7694_jpg.rf.84dff70dcd90951930c880147b977221.jpg,9,2,-7
IMG_7699_jpg.rf.030605ad587045b3809eb692f4cc0cfc.jpg,10,9,-1
IMG_7702_jpg.rf.95f02727864c738eb08677d5ff5407be.jpg,7,7,0
IMG_7703_jpg.rf.e78089d0cec2c10772d8f5d6fa454954.jpg,7,7,0
IMG_7709_jpg.rf.50d5b26c7a064ca6deef049656b54cd9.jpg,7,5,-2
IMG_7710_jpg.rf.dc033bdecf9393432c75ae123fc11445.jpg,7,5,-2
IMG_7718_jpg.rf.f035bb4f1e7918112dcfedabc5f351f0.jpg,8,8,0
IMG_7720_jpg.rf.703abc0f4da206257139973a69159871.jpg,8,8,0
IMG_7721_jpg.rf.36057151cf01419de5d577df48d809f5.jpg,8,7,-1
IMG_7722_jpg.rf.d0a60432a21327001f026078c7d3c846.jpg,8,9,1
IMG_7918_JPG.rf.afe40609d0e72cbcb4241df76cbc0640.jpg,3,3,0
IMG_7919_JPG.rf.52e30022edaa4779807cfa026cbddd94.jpg,3,3,0
IMG_7928_JPG.rf.004b5d398c5a99f3f6544bf5415ddcf3.jpg,0,0,0
IMG_7929_JPG.rf.59bcb8685a17698a6dd054cee7591663.jpg,0,0,0
IMG_7940_JPG.rf.a675dcd6948d7886d0df1fc24357ec5a.jpg,5,6,1
IMG_7943_JPG.rf.460c110fc68bad2d1d1c2fea01f71b52.jpg,5,5,0
IMG_7946_JPG.rf.36ef379d0f5b7ff3cfb53eb08cba25a0.jpg,5,5,0
IMG_7956_JPG.rf.822ce77d0447711cac8e56a9785c86c9.jpg,0,1,1
IMG_8001_JPG.rf.b86856d87cac1b409262a4ff34f11227.jpg,0,0,0
multiPills_jpg.rf.ebde3508766cdd432bf2f755a2926714.jpg,19,12,-7
no_error_image_20250422_100355_jpg.rf.c0b4f25cac6f1a9161977a8d1f9fc99a.jpg,3,3,0
no_error_image_20250422_100822_jpg.rf.445c0898ccb8fe9a5e0f1fbed2a18c4a.jpg,3,3,0
no_error_image_20250422_101020_jpg.rf.928a6d764e47bf498bb926dec0280d1e.jpg,6,6,0
no_error_image_20250422_101040_jpg.rf.f2cdf5e1be943856c4d6b504e9a1fd89.jpg,1,1,0
no_error_image_20250422_101334_jpg.rf.673ef66148d90d4af35c28a96b3931e9.jpg,10,10,0
no_error_image_20250422_101601_jpg.rf.44eb40667b0cf5bf315c9115913fbab8.jpg,4,4,0
no_error_image_20250422_101712_jpg.rf.c216603d0a10429ef86649b6c500d716.jpg,4,4,0
no_error_image_20250422_101733_jpg.rf.ee91935dd2511f508d30b049c7699ba2.jpg,4,4,0
no_error_image_20250422_101754_jpg.rf.0d75499358fdf8d156dedd5baa6d67ef.jpg,4,4,0
no_error_image_20250422_102644_jpg.rf.b37301c4d08f3c9dcd98b95e5251d36e.jpg,4,4,0
no_error_image_20250422_102748_jpg.rf.96de03b5280e2bfda093cc0178c6230c.jpg,3,3,0
no_error_image_20250422_102937_jpg.rf.a2015f86bc2c29c6dcd71e3447d883f5.jpg,8,8,0
no_error_image_20250422_103022_jpg.rf.c6587dc1ab11529dd24f7879641b98f0.jpg,4,4,0
no_error_image_20250422_103141_jpg.rf.dc14fe35ab036534a1ceaf0faa32fdb1.jpg,7,7,0
no_error_image_20250422_103213_jpg.rf.a16da460b5c34b7a350d1c51c22a41d5.jpg,7,7,0
no_error_image_20250422_104650_jpg.rf.16eec97a4f19164328fa7f3b5f4e4fff.jpg,9,9,0
no_error_image_20250422_104702_jpg.rf.58ecb5a48fc83ee65ee95acf5cb4bfbe.jpg,9,9,0
no_error_image_20250422_104751_jpg.rf.1d2d5a58014a1eb9bb95f9f33ba4829f.jpg,7,7,0
no_error_image_20250422_104822_jpg.rf.4b307793a8dffb3b21b3d52f2649d312.jpg,7,7,0
no_error_image_20250422_104855_jpg.rf.bc589e4a89e7acbff1e0f2e74d8c6cc4.jpg,11,11,0
no_error_image_20250422_104907_jpg.rf.588ac532068a2ac47ae773f562094808.jpg,11,11,0
no_error_image_20250422_104918_jpg.rf.b477ee9a882a2b6408c0e10b0805c991.jpg,11,11,0
no_error_image_20250422_105050_jpg.rf.667f544cbc2c56fb85635687de1178c1.jpg,7,7,0
no_error_image_20250422_105129_jpg.rf.0f8484c1314299647da8774bb9f2127f.jpg,9,9,0
no_error_image_20250422_105210_jpg.rf.8e6186913249d09d21b56b2d14b9e140.jpg,9,9,0
no_error_image_20250422_105240_jpg.rf.b21ac69096c306fc2da9cebf735a9cf8.jpg,7,7,0
no_error_image_20250422_105250_jpg.rf.facaa13d6d0b7c4272338c9715548d03.jpg,7,7,0
no_error_image_20250422_105547_jpg.rf.86514a0f0d74594c53f1e906189ca9fd.jpg,9,10,1
no_error_image_20250422_105616_jpg.rf.523272f00b2156a609fe2bd03f24213e.jpg,9,9,0
no_error_image_20250422_105652_jpg.rf.0fb622be357318d9f0b96b8349981c8b.jpg,9,12,3
no_error_image_20250422_105703_jpg.rf.9af2fc74e178f32ebeffa654c90b04f5.jpg,9,12,3
no_error_image_20250422_105712_jpg.rf.ee8ff6d7355ad72df9e95b3acdabf871.jpg,9,9,0
no_error_image_20250422_111943_jpg.rf.a54f0c701e3ce113e083e7687513a305.jpg,7,8,1
no_error_image_20250422_111959_jpg.rf.25b45c9683caa24db7047fbe281c292d.jpg,7,8,1
no_error_image_20250422_112049_jpg.rf.0903bbd76124f0d0e76137724970571e.jpg,9,9,0
no_error_image_20250422_112100_jpg.rf.ead232551681946d6e5ab2290794a60d.jpg,9,11,2
no_error_image_20250422_112115_jpg.rf.e04b7b220791a750d6c4455f82e001f9.jpg,9,9,0
no_error_image_20250422_112127_jpg.rf.509c66dd6e1a35a0af7e89b58b84d741.jpg,9,10,1
no_error_image_20250422_112144_jpg.rf.f86b8320ff65835cf6a51c04da94c46a.jpg,5,5,0
no_error_image_20250422_112233_jpg.rf.8d3599789ad080d9820e8257d49921ee.jpg,10,10,0
no_error_image_20250422_112300_jpg.rf.01acf2af10fa08da5968ba25ac40e276.jpg,10,11,1
no_error_image_20250422_112410_jpg.rf.d3b65ec878c3a6983b61221c6d108262.jpg,8,8,0
no_error_image_20250422_112443_jpg.rf.76e0eacd9a76aca9e240cb4da58c9d45.jpg,8,7,-1
no_error_image_20250422_112543_jpg.rf.27bc5a2c09f7f716094692b539c0ca22.jpg,10,10,0
no_error_image_20250422_112554_jpg.rf.036fc9ef35566885dc1f502d5b970fb2.jpg,10,10,0
no_error_image_20250422_112604_jpg.rf.c0eda7e9add43f5b63a7ac2652a8960c.jpg,10,10,0
no_error_image_20250422_112616_jpg.rf.bc60c94b42be2b84376c203f2c8c52d5.jpg,10,10,0
no_error_image_20250422_112635_jpg.rf.f13492bd0e42b90d807f4ff5e12d38fd.jpg,10,10,0
no_error_image_20250422_112731_jpg.rf.22de630052f60c8e773db63d5378c887.jpg,9,9,0
no_error_image_20250422_112900_jpg.rf.3c853ba3235822788d1aa262224f1403.jpg,7,7,0
no_error_image_20250422_112913_jpg.rf.95319bfd7ead92214e885ba831a0bd09.jpg,7,6,-1
no_error_image_20250422_113322_jpg.rf.25589b21f0ed5d54b6f71726de999d9d.jpg,7,7,0
no_error_image_20250422_113430_jpg.rf.1369b54ed0bcb08c0c73d8a4f00b1b1b.jpg,11,12,1
no_error_image_20250422_113458_jpg.rf.67e79026f5338922f942ad1a18cd14cf.jpg,11,12,1
no_error_image_20250422_113548_jpg.rf.ec7045d97b96cfa42b6b1f5e12a9a377.jpg,12,12,0
no_error_image_20250422_113649_jpg.rf.6fda290605860ff512a84e706cee14de.jpg,12,12,0
no_error_image_20250422_113713_jpg.rf.2cdf441227003ec8071c35d80e3efa93.jpg,12,12,0
no_error_image_20250422_113756_jpg.rf.9fd797faf859418b14d9fcfa03024802.jpg,7,7,0
no_error_image_20250422_113810_jpg.rf.92f0035439392197d62099aa132dbfec.jpg,12,15,3
no_error_image_20250422_113824_jpg.rf.6df1ba4fdd56278b444b9c473aadef65.jpg,12,12,0
no_error_image_20250422_113839_jpg.rf.d6f495f80f26ec0c02f70afcda429287.jpg,12,13,1
no_error_image_20250422_113852_jpg.rf.6fc136e5f6df20d22aae2861b5752482.jpg,12,12,0
no_error_image_20250422_113936_jpg.rf.010656419d9a61020efc17961656b466.jpg,7,7,0
pills22close_jpg.rf.d2c23e2a628136656aefb6736b85ca64.jpg,22,22,0
whitedown22_jpg.rf.94182c887bfb2b35b41385f76cad15e7.jpg,22,22,0
WIN_20240314_18_54_39_Pro_jpg.rf.96294eb38ce11820c93b5f7bd5efe7af.jpg,15,17,2
WIN_20240504_18_36_07_Pro_jpg.rf.29c49cae7712e171c600e37ee8761894.jpg,14,13,-1
WIN_20240504_18_36_33_Pro_jpg.rf.ec8fbbdcba77b606ab9c6bdefde850d6.jpg,14,13,-1
WIN_20240504_18_37_22_Pro_jpg.rf.1e2d94a3c2a8071bf45127e977c01dd7.jpg,12,12,0
WIN_20240504_18_37_34_Pro_jpg.rf.0a81a75a3b9c9998558dfd3613dc2943.jpg,12,12,0
WIN_20240504_20_39_03_Pro_jpg.rf.b60b48a85e509eed9c3ebba14820f668.jpg,15,14,-1
WIN_20240504_20_39_15_Pro_jpg.rf.5ca0552319eaa03b585d44828cb06aa0.jpg,15,12,-3
WIN_20240504_20_39_24_Pro_jpg.rf.02135ea06a9f8623e35d3c08b3e66af8.jpg,15,13,-2
WIN_20240504_20_39_33_Pro_jpg.rf.6305622f0c91251c99c265a132768b98.jpg,15,15,0
WIN_20240504_20_39_53_Pro_jpg.rf.ef4b5de9b67ccc55f5145446e4ae98ad.jpg,8,9,1
WIN_20240504_20_40_02_Pro_jpg.rf.d0be50b2f6f9f1440b9e76177f57bb26.jpg,8,9,1
WIN_20240504_20_40_18_Pro_jpg.rf.5787c6e8a107b90fbfcd8bb7d5420417.jpg,15,15,0
WIN_20240504_20_40_29_Pro_jpg.rf.fb0ac1435a5aa4936a5f64ec7de9f4ee.jpg,11,11,0
WIN_20240504_20_40_36_Pro_jpg.rf.9ae58f16127f43b9ee75226e49cc8986.jpg,12,14,2
WIN_20240619_10_48_41_Pro_jpg.rf.bcad3228121aaa07346842652bf83934.jpg,4,4,0
WIN_20240619_10_51_50_Pro_jpg.rf.8f3be2de851f1db24ed965a8f6c9fae2.jpg,4,4,0
WIN_20240619_10_55_08_Pro_jpg.rf.b29d31e5e8625ccb910e22dbe709cbba.jpg,7,7,0
WIN_20240619_10_56_21_Pro_jpg.rf.221ab830f48735100164949e4ac8dc52.jpg,3,5,2
WIN_20240619_10_58_36_Pro_jpg.rf.416049de832032a4ed7018ff0e0566c1.jpg,6,2,-4
WIN_20240619_10_59_54_Pro_jpg.rf.2b801618e3faa5be6af8380966678a2d.jpg,4,3,-1
WIN_20240619_11_01_16_Pro_jpg.rf.9c03a0f515559d4ecd94a7a037002f3b.jpg,0,0,0
WIN_20240619_11_02_11_Pro_jpg.rf.0c82d261a151f8da50bf3635c9925434.jpg,3,3,0
WIN_20240619_11_03_25_Pro_jpg.rf.7b9c878d02300eaf98b425bdedba0553.jpg,2,2,0
WIN_20240621_10_20_37_Pro_jpg.rf.937235a973628f77ece3f456c7540ec6.jpg,0,0,0
WIN_20240621_10_21_21_Pro_jpg.rf.49b8f4183f063c90935e2d36a4aa3713.jpg,2,4,2
WIN_20240621_10_21_53_Pro_jpg.rf.a427bcc1eb74a84a46baee4add549d3c.jpg,6,8,2
WIN_20240621_10_22_42_Pro_jpg.rf.13d96c3a607dd56fa5ee37a2bc61d95a.jpg,2,4,2
WIN_20240621_10_24_25_Pro_jpg.rf.a14a30b826641eb8786b62e320c25341.jpg,2,2,0
WIN_20240621_10_26_38_Pro_jpg.rf.846ecde97a3e9ef731692615ce430154.jpg,5,1,-4
WIN_20240621_10_27_30_Pro_jpg.rf.f0ae1551c9c246c27d6af879bc31d065.jpg,3,3,0
WIN_20240621_10_27_45_Pro_jpg.rf.cb12af6f9cff6910e6e7f712affa5d4e.jpg,5,5,0
WIN_20240621_10_29_28_Pro_jpg.rf.efef2b4b7143bf247f0d64e5631316ba.jpg,1,1,0
WIN_20240621_10_29_52_Pro_jpg.rf.c6391bd46926aaa3fb8a426640be8221.jpg,5,4,-1
WIN_20240621_10_30_28_Pro_jpg.rf.e2274a5b7d020dcb0091686a47744c8c.jpg,2,2,0
WIN_20240621_10_30_37_Pro_jpg.rf.ab168640b4290545774eb8b49b5b3363.jpg,4,4,0
WIN_20240621_10_31_54_Pro_jpg.rf.74d85840dbdaf13a63a5348c2213df55.jpg,0,0,0
WIN_20240621_10_31_57_Pro_jpg.rf.2668dfe4073f6e012dfacccd8e6c111d.jpg,0,0,0
WIN_20240621_10_32_00_Pro_jpg.rf.b5ee4bbad65b0d6bc7948b93ad8d826d.jpg,0,0,0
WIN_20240621_10_32_21_Pro_jpg.rf.0d77fe166cdb8457568b4e2bee3203bf.jpg,1,1,0
WIN_20240621_10_34_08_Pro_jpg.rf.2394639cba80f9d17d055a3e5e1772f2.jpg,4,4,0
WIN_20240621_10_35_05_Pro_jpg.rf.5700024e8afcf9ab381ea171b3645b2f.jpg,4,3,-1
WIN_20240621_10_37_01_Pro_jpg.rf.ab78225701100c1501d8286574d8fa20.jpg,3,3,0
WIN_20240621_10_37_18_Pro_jpg.rf.f079843906d9177c8ae7d9d35af92a02.jpg,6,5,-1
WIN_20240621_10_38_06_Pro_jpg.rf.ed5be2431ffe4c936855ceef3af33ef3.jpg,2,4,2
WIN_20240621_10_38_35_Pro_jpg.rf.6203d880040b935be8b4dce45bd6ba99.jpg,6,8,2
WIN_20240621_10_38_53_Pro_jpg.rf.58fa72e5088998321551dd8c4f4ab6ca.jpg,1,1,0
WIN_20240621_13_57_22_Pro_jpg.rf.b5ead554306b77e4222b1c11c06488f3.jpg,0,0,0
WIN_20240621_13_57_59_Pro_jpg.rf.dcb6e7bf2ec9021ed8889baeaf9ecabe.jpg,1,1,0
WIN_20240621_13_59_45_Pro_jpg.rf.16a5d9a0fd1094bcb8525f315b7da169.jpg,2,2,0
WIN_20240621_13_59_52_Pro_jpg.rf.ce386ab8bb4ef85a8d076b53e4701ad8.jpg,3,4,1
WIN_20240621_14_00_00_Pro_jpg.rf.087b6195a6ea34e0fd02ebed10f0ba27.jpg,4,4,0
WIN_20240621_14_01_58_Pro_jpg.rf.2f9f655a7a906180f6ddc8495912264f.jpg,2,1,-1
WIN_20240621_14_02_10_Pro_jpg.rf.f6e3a1c8fc59bbc2e3954af6ab87a256.jpg,4,1,-3
WIN_20240621_14_03_01_Pro_jpg.rf.d3f5d602d926056229973e908ddb4df1.jpg,4,5,1
WIN_20240621_14_05_09_Pro_jpg.rf.91db259faab5d4af367b8409c640f08b.jpg,6,6,0
WIN_20240621_14_10_19_Pro_jpg.rf.948821dcbfe259d469f4b528caea88c6.jpg,0,0,0
WIN_20240621_14_10_29_Pro_jpg.rf.d2370a5d9183391eea37c18d661ceff8.jpg,0,0,0
WIN_20240621_14_11_09_Pro_jpg.rf.beb6db28e2f2e5413b57cf74c283fcd2.jpg,3,3,0
WIN_20240621_14_11_15_Pro_jpg.rf.ad8fc110b3ff89f799bea2c24fe7c98a.jpg,4,2,-2
WIN_20240621_14_11_22_Pro_jpg.rf.bb01d255650268fe842b7f0e405a959c.jpg,5,5,0
WIN_20240621_14_11_27_Pro_jpg.rf.4ace80f0c4f7fd2a063b08bfa455746a.jpg,6,6,0
WIN_20240621_14_13_13_Pro_jpg.rf.ed0be59d3082e17efb327a50507eb2f3.jpg,1,1,0
WIN_20240621_14_13_33_Pro_jpg.rf.1d8ff4abe5d454c59e071b3bba247144.jpg,5,4,-1
WIN_20240621_14_14_19_Pro_jpg.rf.253e9a23696f78ef4ade92611aa6487f.jpg,1,0,-1
WIN_20240621_14_14_30_Pro_jpg.rf.26f0dd5d4844d502fc211ef4518b1d40.jpg,3,2,-1
WIN_20240621_14_15_37_Pro_jpg.rf.8777ed2ea035d0f87f0365985887bb51.jpg,3,4,1
WIN_20240621_14_16_08_Pro_jpg.rf.ce8a1e78ae23fd09e26c0ff431410bca.jpg,6,6,0
WIN_20240621_14_16_48_Pro_jpg.rf.dd176e973f1a8edb2316107ec4af8844.jpg,5,4,-1
WIN_20240621_14_17_37_Pro_jpg.rf.7c1a83719b2bd94a604a3f6a4a750b0a.jpg,4,4,0
WIN_20240621_14_18_13_Pro_jpg.rf.44ce5ef6070e656820a4ca59863a94ea.jpg,11,22,11
WIN_20240621_14_18_38_Pro_jpg.rf.eeeff39e5d19bf14f7c8b33801f53f94.jpg,3,5,2
WIN_20240621_14_26_13_Pro_jpg.rf.b1fbda59f6c5efc6f31ed9dfb0f6afc9.jpg,0,0,0
WIN_20240621_14_28_19_Pro_jpg.rf.0b495282350aad141c4a6811b263ae1b.jpg,2,2,0
WIN_20240621_14_28_45_Pro_jpg.rf.f0f1406cce9d139150f9c094b6310ba7.jpg,1,1,0
WIN_20240621_14_28_51_Pro_jpg.rf.ac1c0efa94632c4ce9ffe5655eab84ef.jpg,2,3,1
WIN_20240621_14_29_15_Pro_jpg.rf.6865066eacd81a316ec3520cdf6278a7.jpg,4,4,0
WIN_20240621_14_30_22_Pro_jpg.rf.7d5032f5564d20b6abb2fd69ba924acd.jpg,6,6,0
WIN_20240621_14_31_24_Pro_jpg.rf.3e5ca14a4c001e35fac5b658d35bdd68.jpg,6,6,0
WIN_20240621_14_31_57_Pro_jpg.rf.69997f7f21d1d5c3981577fe7adefbf5.jpg,2,2,0
WIN_20240621_14_32_05_Pro_jpg.rf.2893ebd9152d20d63e86372214033271.jpg,4,4,0
WIN_20240621_14_32_46_Pro_jpg.rf.0f48ea7514a16d607c494dfd62e08b97.jpg,2,2,0
WIN_20240621_14_33_32_Pro_jpg.rf.7df24a33cdaa677829f37bd0af220f7a.jpg,2,1,-1
WIN_20240621_14_33_48_Pro_jpg.rf.308b3b3ac4f0ea91a90e29143e544c74.jpg,5,6,1
WIN_20240621_14_35_40_Pro_jpg.rf.c7b189be942b9073ce6bb6f085bc1ed0.jpg,0,1,1
WIN_20240621_14_35_48_Pro_jpg.rf.a42db9fbf917cebbe0bfca3404eed40a.jpg,0,0,0
WIN_20240621_14_38_27_Pro_jpg.rf.a6b1da2170e78b78b92226a30ec30914.jpg,12,8,-4
WIN_20240621_14_39_58_Pro_jpg.rf.5d43a27f8b2cab6abaa9d2e1132fe15f.jpg,3,6,3
WIN_20240701_14_04_42_Pro_jpg.rf.69e86f607cb6500ad9b88c4573557cbf.jpg,3,3,0
WIN_20240701_14_05_37_Pro_jpg.rf.fa7fcd49a47fe5bb6a3344c52d621e68.jpg,6,6,0
WIN_20240701_14_07_25_Pro_jpg.rf.a6f6917f78eff6b7920130e784d69506.jpg,2,2,0
WIN_20240701_14_07_51_Pro_jpg.rf.72de8554f39c087be95c6c93d5cb99f0.jpg,4,4,0
WIN_20240701_14_10_35_Pro_jpg.rf.bd15c4364bcc3379f3ca02fd29b73d33.jpg,4,4,0
WIN_20240701_14_10_52_Pro_jpg.rf.a9d2cf992a6c6d8a99bdcfd3483ebb56.jpg,5,5,0
WIN_20240701_14_13_12_Pro_jpg.rf.338edcbc390a526aa45069eb335c92ff.jpg,4,5,1
WIN_20240701_14_14_49_Pro_jpg.rf.e72db7845716fede262be429c55c8b9f.jpg,2,2,0
WIN_20240701_14_15_28_Pro_jpg.rf.822fd602fe806d82d6b62470efed1cc3.jpg,6,7,1
WIN_20240701_14_17_43_Pro_jpg.rf.d81d8674b6eab397e102dd487f2337e1.jpg,6,4,-2
WIN_20240701_14_19_14_Pro_jpg.rf.15976b139939527f9d00445d64980f87.jpg,4,4,0
WIN_20240701_14_19_24_Pro_jpg.rf.9fef316e72c61f513c3cf4ffb2168efd.jpg,5,0,-5
WIN_20240701_14_28_37_Pro_jpg.rf.181557390cd123c4b7e424d20c7ca071.jpg,1,1,0
WIN_20240701_14_29_13_Pro_jpg.rf.491a6ee93150e31bcd1ef98fc2154a73.jpg,4,4,0
WIN_20240701_14_32_08_Pro_jpg.rf.92003e78134dcc2a12c3c6640bb5da93.jpg,5,3,-2
WIN_20240701_14_32_48_Pro_jpg.rf.87c8824d7cdf8ff6376123f7dc4b9b02.jpg,12,10,-2
WIN_20240701_14_34_38_Pro_jpg.rf.d332d97cb89c533c044b1521dde3079a.jpg,4,7,3
WIN_20240701_14_38_04_Pro_jpg.rf.aa2c66bbfe61d39b46bbe39ead3be945.jpg,13,11,-2
WIN_20240701_14_39_36_Pro_jpg.rf.3cb780346f055c5a8271e3e876add452.jpg,3,6,3
WIN_20240701_14_40_10_Pro_jpg.rf.a42596ee41eb077bd581f77f661a9aa2.jpg,9,14,5
WIN_20240701_14_40_48_Pro_jpg.rf.ae45e9f1b81281b4f0ae12a8ca4097fb.jpg,1,2,1
WIN_20240701_14_41_34_Pro_jpg.rf.790b969296f68044e9294fbc656601b3.jpg,4,4,0
WIN_20240701_14_42_04_Pro_jpg.rf.a99750c468a0af0a5f8c286fbd3d7a02.jpg,6,6,0
WIN_20240701_14_45_18_Pro_jpg.rf.e62461d2ec79059e73c3a015db40646c.jpg,3,3,0
WIN_20240702_20_02_25_Pro_jpg.rf.51d4bd70932e13cd43d9f974146a03aa.jpg,2,2,0
WIN_20240702_20_16_02_Pro_jpg.rf.753bfc7cc03c8d7751a28d0d56f18438.jpg,6,7,1
WIN_20240702_20_20_27_Pro_jpg.rf.1ffe879272ed106f57949316977b7fdf.jpg,3,5,2
WIN_20240702_20_24_04_Pro_jpg.rf.1542578a41caedc08d212b3071821a28.jpg,3,3,0
WIN_20240702_20_27_25_Pro_jpg.rf.12737f6d1b2224447d5a699c523dca86.jpg,6,3,-3
WIN_20240702_20_30_12_Pro_jpg.rf.b5d78c3f0914b0687f3b8dbe737dc465.jpg,3,3,0
WIN_20240714_15_02_51_Pro_jpg.rf.c6290433d2697d1b669463b37a7d46cc.jpg,0,0,0
WIN_20240714_15_03_13_Pro_jpg.rf.2c868e52937564e3a5a2996182debd34.jpg,0,0,0
WIN_20240714_15_04_15_Pro_jpg.rf.3f9d674270e9a48845c78e6ef137d29a.jpg,4,4,0
WIN_20240714_15_04_37_Pro_jpg.rf.3bed00b43eaf1489e80625014f69cc38.jpg,5,5,0
WIN_20240714_15_04_55_Pro_jpg.rf.7f8e3474942fa026730c5ce06e81c296.jpg,7,7,0
WIN_20240714_15_07_33_Pro_jpg.rf.0fb9f27933488c2cfe890e3d5cb73420.jpg,0,0,0
WIN_20240714_15_07_43_Pro_jpg.rf.28efe5ecb8251242f579d24c0d99eec2.jpg,3,3,0
WIN_20240724_15_18_29_Pro_jpg.rf.0ebf46913cb177f7b3e9d9382513b306.jpg,2,2,0
WIN_20240724_15_19_36_Pro_jpg.rf.8294875a3aafc643c97b83e8aa0db4fc.jpg,6,6,0
WIN_20240724_15_20_21_Pro_jpg.rf.0353babfecf9722d2095383c1e0f8c9e.jpg,1,1,0
WIN_20240724_15_20_56_Pro_jpg.rf.a7a4ccad4d9feba6e3dda13d8f7ba812.jpg,4,4,0
WIN_20240724_15_22_23_Pro_jpg.rf.f1a993b042a6a054d7176fb077c86cbc.jpg,1,2,1
WIN_20240724_15_22_49_Pro_jpg.rf.20a3029579e2dc729cbb8770701041d8.jpg,4,7,3
WIN_20240724_15_24_05_Pro_jpg.rf.0a9c1f6a739ad4fae09d5cec3e11108c.jpg,2,2,0
WIN_20240725_09_42_24_Pro_jpg.rf.85afe3e6a64604aeb42e35457bf7ed8d.jpg,3,3,0
WIN_20240725_09_42_43_Pro_jpg.rf.97e78e976e2e1ca5d561afea58feb963.jpg,4,3,-1
WIN_20240725_09_44_26_Pro_jpg.rf.c33038702a1959e9fabb6037926f3a0b.jpg,3,3,0
WIN_20240725_09_48_22_Pro_jpg.rf.05edaf63f85c1cf7b24e75dc11b91ff5.jpg,2,2,0
WIN_20240725_09_48_54_Pro_jpg.rf.0f2aa233a1f53d51f7da694e9264106a.jpg,6,7,1
WIN_20240725_09_55_17_Pro_jpg.rf.688e93ae69be628b10f14904d81afaf1.jpg,3,4,1
WIN_20240725_09_56_49_Pro_jpg.rf.f6f6a78a78749d49d46cfd1406a6a494.jpg,2,2,0
WIN_20240725_09_58_24_Pro_jpg.rf.7326689425cfd0706c727f6ad7cb7018.jpg,3,3,0
WIN_20240725_10_01_14_Pro_jpg.rf.db0a635366440f11dca8c81b114e4bf4.jpg,4,4,0
WIN_20240725_10_01_32_Pro_jpg.rf.ee55b6f9d8e71c7b79d5e6c4bce2a419.jpg,5,5,0
WIN_20240817_15_18_15_Pro_jpg.rf.4dfcf4aeb0194784945878e0fbee0c2c.jpg,5,4,-1
WIN_20240817_15_18_44_Pro_jpg.rf.f18fbae4d5ba4e8ba0b5ddeb87828a9f.jpg,3,2,-1
WIN_20240817_15_26_32_Pro_jpg.rf.aaef2576a35feb75dea8d1e7438e285d.jpg,5,5,0
WIN_20240817_15_27_56_Pro_jpg.rf.0b3db425ba5734354b99f67ed47057da.jpg,5,5,0
WIN_20240903_14_15_40_Pro_jpg.rf.0eccfed4bdb0f1a5743dfedfdd6650f7.jpg,7,8,1
WIN_20240903_14_15_46_Pro_jpg.rf.77c6fcac77e466abf5a228b7b22c6bf8.jpg,7,7,0
WIN_20240903_14_15_54_Pro_jpg.rf.fbc814610a805b949633db470a28b0b3.jpg,5,5,0
WIN_20240903_14_16_00_Pro_jpg.rf.1720f0f6493fe432b2c2bb84fabe7186.jpg,5,5,0
WIN_20240903_14_16_49_Pro_jpg.rf.b1d93a5a2dc2d5a83a9d0d6870483764.jpg,5,5,0
WIN_20240903_14_17_31_Pro_jpg.rf.65750238316b0a7a4c509b8cf1a9dc5d.jpg,4,4,0
WIN_20240903_14_17_56_Pro_jpg.rf.6b32fc4634b7dd74e786bf840a418741.jpg,4,4,0
WIN_20240903_17_09_45_Pro_jpg.rf.051908b642c8b2a161f2d36d4b4f050f.jpg,5,5,0
WIN_20240903_17_10_57_Pro_jpg.rf.0e11bcf345350e65053aad67c7b4f5dd.jpg,6,6,0
WIN_20240903_17_12_29_Pro_jpg.rf.9c9214fd740d8340384080727e7f71a5.jpg,4,4,0
WIN_20240903_17_12_41_Pro_jpg.rf.258fdf156e75851d5515cec4a3cffd4e.jpg,3,5,2
WIN_20240903_17_12_45_Pro_jpg.rf.611945ab0380b0fa19fe39b1ac765c1b.jpg,3,3,0
WIN_20240903_17_14_07_Pro_jpg.rf.dbfa14af0babfa4c30665b1ada6604c3.jpg,4,3,-1
WIN_20240903_17_14_21_Pro_jpg.rf.3e9fc2f6d62f5805494ea03b364f5b72.jpg,4,4,0
WIN_20240903_17_14_38_Pro_jpg.rf.b8e87363aabb71fce81708e04ab3b047.jpg,5,5,0
WIN_20240903_17_15_44_Pro_jpg.rf.322e5ffdf2ab4935d9497c2432148c72.jpg,1,1,0
WIN_20240903_17_16_14_Pro_jpg.rf.3da52e54601321580b26be5c6078380d.jpg,3,3,0
WIN_20240903_17_16_25_Pro_jpg.rf.eb762f7984f1d34d16a9329c72a8c2d1.jpg,3,3,0
WIN_20240903_17_19_16_Pro_jpg.rf.16c62e230a38a0422cb999217de3ce20.jpg,4,4,0
WIN_20240903_17_21_06_Pro_jpg.rf.e352f2d64a58acedb57368921596ff47.jpg,3,3,0
WIN_20240903_17_21_17_Pro_jpg.rf.a8c89a786108a70ed212fcfe359d9147.jpg,3,3,0
WIN_20240903_17_21_41_Pro_jpg.rf.c2900fe3b33af3e0955b52a8a1f99802.jpg,3,3,0
WIN_20240903_17_22_14_Pro_jpg.rf.e30e61b5d4fe300864558f3a201fadaf.jpg,2,2,0
WIN_20240903_17_22_55_Pro_jpg.rf.096cfc977dadcd12b828de92790cf604.jpg,1,1,0
WIN_20240903_17_23_09_Pro_jpg.rf.ef090b7c5423bfc2b60840b28fca3766.jpg,1,1,0
WIN_20240903_17_24_10_Pro_jpg.rf.27b94872773bc08383226bb7fc7518ff.jpg,2,2,0
WIN_20240903_17_24_51_Pro_jpg.rf.4dfbf3aa33ba64eb4f6f78932b8cb7d1.jpg,4,4,0
WIN_20240903_17_29_24_Pro_jpg.rf.0bdb39ca81a6c5aba7ccad881fd5f3d7.jpg,4,4,0
WIN_20240903_17_29_52_Pro_jpg.rf.b2e1eaae24170b7e4ee6e47e52e2a851.jpg,5,5,0
WIN_20240903_17_30_45_Pro_jpg.rf.2523a1e9652e0cb0c5c7e86d75fea49a.jpg,5,4,-1
WIN_20240903_17_30_52_Pro_jpg.rf.76d67828220c866085279ad5e4b6afaf.jpg,5,5,0
WIN_20240903_17_31_36_Pro_jpg.rf.90b8d119f0fa4832498cab98d123dd49.jpg,5,5,0
WIN_20240903_17_32_12_Pro_jpg.rf.4c71a52b695ed95114f2191f271126f2.jpg,4,4,0
WIN_20240903_17_32_33_Pro_jpg.rf.cab4549f9ecb3460e1588403fe78ea29.jpg,4,4,0
WIN_20240903_17_34_04_Pro_jpg.rf.8b2ea644f660623d1d25b79d9e267705.jpg,3,3,0
WIN_20240903_17_35_27_Pro_jpg.rf.ed7c2b3a03ae68822afae0edecdceb11.jpg,1,1,0
WIN_20240903_17_35_32_Pro_jpg.rf.eab180fccccb665ef9b486c60c5bde7d.jpg,1,1,0
WIN_20240903_17_37_22_Pro_jpg.rf.157e35439da60b7f22608d555feafe65.jpg,1,1,0
WIN_20240903_17_37_50_Pro_jpg.rf.c9f9f17b1bd584a8e65879719f8df045.jpg,5,5,0
WIN_20240903_17_38_22_Pro_jpg.rf.015d06c686a676e075c2c0555c391181.jpg,6,6,0
WIN_20240903_17_38_45_Pro_jpg.rf.7608cbec35407ac964148b4a20568f1b.jpg,2,2,0
WIN_20240903_17_38_49_Pro_jpg.rf.b1d4c6afd726320b6d1dce204908d049.jpg,2,2,0
WIN_20240903_17_39_27_Pro_jpg.rf.95161c65df5d58bfda0eba470316533b.jpg,2,2,0
WIN_20240903_17_39_34_Pro_jpg.rf.407684389f00773ff46c45d8c658eb90.jpg,2,2,0
WIN_20240903_17_40_14_Pro_jpg.rf.53085a6530227f2132c01d23707978bc.jpg,4,5,1
WIN_20240928_13_35_59_Pro_jpg.rf.50a0664cd84b37fbeb85f89c16d69e92.jpg,4,6,2
WIN_20240928_13_37_30_Pro_jpg.rf.1bf1d253157da24918cc644de2297c53.jpg,0,0,0
WIN_20240928_13_45_14_Pro_jpg.rf.a4956bd61a5ce50d31e0aceed7871278.jpg,6,7,1
WIN_20241002_18_44_36_Pro_jpg.rf.0736c93c6e21215214ca7e02079c8371.jpg,3,3,0
WIN_20241002_18_49_35_Pro_jpg.rf.1c37d68070b7fbe106076d48676b1129.jpg,3,3,0
WIN_20241002_18_58_09_Pro_jpg.rf.da7c8ae9620242f579df35f078064802.jpg,0,0,0
WIN_20241002_19_01_02_Pro_jpg.rf.fc42830be876a34d231332992771187b.jpg,3,3,0
WIN_20241004_18_24_19_Pro_jpg.rf.2b6e6cfa0179e43e669ef3b4e88d8746.jpg,2,2,0
WIN_20241004_18_25_25_Pro_jpg.rf.1a49b43e8fac0df7047c144eabc12a41.jpg,3,3,0
WIN_20241004_18_38_05_Pro_jpg.rf.ae954a21151649455925427024aecb54.jpg,4,4,0
WIN_20241004_18_46_03_Pro_jpg.rf.d3320a76a77450907fd5a85c70308cb2.jpg,0,1,1
WIN_20241006_17_34_15_Pro_jpg.rf.1cf3273b8ef5f3cfe86a06bf0e43f1dc.jpg,3,5,2
WIN_20241006_17_38_34_Pro_jpg.rf.3c374e181ee3b635cec28f6fc1720e0f.jpg,4,4,0
WIN_20241006_17_40_49_Pro_jpg.rf.96f6d0e0da86767694a17c66c0103f6e.jpg,3,3,0
WIN_20241006_17_42_07_Pro_jpg.rf.8bcf0e234f4efda351b0ca09c14cfd22.jpg,0,0,0
WIN_20241006_17_42_39_Pro_jpg.rf.8d14ab769c5871751d0186b5bf7b41b8.jpg,0,0,0
WIN_20241006_17_42_41_Pro_jpg.rf.b2aee774a1ae9755a788477bcc006f5c.jpg,0,0,0
WIN_20241012_13_06_15_Pro_jpg.rf.e00b764a3ee822b9393eec96a8af337d.jpg,5,4,-1
WIN_20241012_13_09_51_Pro_jpg.rf.d472d72ddf6959b362e6dce6cae7f730.jpg,0,0,0
WIN_20241023_18_34_36_Pro_jpg.rf.19f74dc3f563759ee4c70d31ecc61cea.jpg,4,4,0
WIN_20241023_18_46_38_Pro_jpg.rf.1c3eabe04d92c022f884ac25d963f200.jpg,4,4,0
WIN_20241023_18_53_13_Pro_jpg.rf.c1bfbc4941b0f3914e68e47bb5307080.jpg,3,3,0
WIN_20241023_19_13_05_Pro_jpg.rf.ebf7a9dbf1dbcf8a23de97c7edd5fc1e.jpg,3,3,0
WIN_20241023_19_16_46_Pro_jpg.rf.def7b9db8219b52495c4a407e5907013.jpg,3,4,1
WIN_20241023_19_19_44_Pro_jpg.rf.0b29a90c22b725e4ef2a86e82995d6e2.jpg,2,2,0
WIN_20241025_14_41_14_Pro_jpg.rf.36dd180260cfa1661df610813dcc7d25.jpg,3,3,0
WIN_20241025_14_44_46_Pro_jpg.rf.027272bb868279eb4579ad7204f677a8.jpg,0,0,0
WIN_20241025_14_46_40_Pro_jpg.rf.0c39b97a31cccbbfb1354d8f209df50a.jpg,2,3,1
WIN_20241025_14_47_21_Pro_jpg.rf.4d7cc2b8e0041e9ddd6c03671a2873a2.jpg,3,8,5
WIN_20241025_14_51_03_Pro_jpg.rf.9379138da0c5cdcf592d102fc89d96f1.jpg,2,2,0
WIN_20241110_16_25_52_Pro_jpg.rf.22ea67a236fecd1676359de09a6af9f6.jpg,1,1,0
WIN_20241110_16_34_45_Pro_jpg.rf.3d77f7d66031f5cf9bb179a116f912b7.jpg,1,1,0
WIN_20241116_10_59_11_Pro_jpg.rf.cc8df5ce949165de72e1d2460d7c6249.jpg,7,5,-2
WIN_20241116_11_09_14_Pro_jpg.rf.92b7b64a8f646697359d860555fbcb36.jpg,2,2,0
WIN_20241116_11_13_26_Pro_jpg.rf.d1e9ce0bbcd9ad46648c3571ea3762a0.jpg,2,2,0
WIN_20241116_11_14_56_Pro_jpg.rf.c1fb5b7b4a96748c9ffbfa7d82501b33.jpg,9,8,-1
WIN_20241116_11_22_45_Pro_jpg.rf.8def29ed99659a178dcaabbb260e1753.jpg,4,4,0
WIN_20241116_11_24_53_Pro_jpg.rf.1d3d9884e5b9e11a32eb9d8678ac0261.jpg,8,10,2
WIN_20241116_11_26_51_Pro_jpg.rf.c376271de31ded535c109259f7cc2866.jpg,2,2,0
WIN_20241116_11_46_35_Pro_jpg.rf.c24627a439c1dc16ead8b8887695eae7.jpg,0,0,0
WIN_20241116_11_51_26_Pro_jpg.rf.89cbccf04d244d2677e2a4fdbacb5fa1.jpg,6,6,0
WIN_20241118_13_37_05_Pro_jpg.rf.722dbffee2a81d97c5f68fe21c7bd3d8.jpg,6,6,0
WIN_20241118_13_41_27_Pro_jpg.rf.943356100452f59d82cbfb3b69b6a153.jpg,1,1,0
WIN_20241126_15_45_11_Pro_jpg.rf.de000802698ca7ac29a8a8f3664ab371.jpg,0,0,0
WIN_20241126_15_45_20_Pro_jpg.rf.171f964ea79264100bdd08cd728108b9.jpg,0,0,0
WIN_20241126_15_47_21_Pro_jpg.rf.26bc6427b3897ab6a86a6425e51a5589.jpg,0,0,0
WIN_20250126_16_24_14_Pro_jpg.rf.b6175406b50de6311dd903221614022c.jpg,4,4,0
WIN_20250126_16_28_27_Pro_jpg.rf.c1f1010d89cd46e3f621ed17245a32c3.jpg,0,1,1
WIN_20250126_16_33_21_Pro_jpg.rf.b5e1d740d52e8807ec4e6a2104b50db2.jpg,3,3,0
WIN_20250126_16_33_33_Pro_jpg.rf.c075cd55bdcb9895dd8410232a6f1608.jpg,2,2,0
WIN_20250204_10_18_27_Pro_jpg.rf.ba0b961da9640d7b9a9ddbc21f9dd690.jpg,0,0,0
WIN_20250204_10_42_00_Pro_jpg.rf.fad6398c963fd7a7995593713f94b065.jpg,4,10,6
WIN_20250204_10_48_11_Pro_jpg.rf.d4af52b9c590ab97668f893dc48ab640.jpg,3,3,0
WIN_20250204_10_56_00_Pro_jpg.rf.83c8d9c49818f3622e527f9b09fe4d6e.jpg,3,3,0
WIN_20250204_11_07_42_Pro_jpg.rf.236dd21f69fb5cc4da7c2809f3a8c13a.jpg,3,3,0
WIN_20250204_11_15_05_Pro_jpg.rf.a07d988fb902e64de9613cd3c5af708e.jpg,4,4,0
WIN_20250204_11_21_02_Pro_jpg.rf.8898d7111ee545b26b5a8d468147ea9b.jpg,4,4,0
WIN_20250204_11_26_00_Pro_jpg.rf.eb59b0ddd7208c8a174fc9af006af579.jpg,4,5,1
WIN_20250204_11_38_32_Pro_jpg.rf.b594ac614418310cfb2e3bb01f6c425a.jpg,0,0,0
WIN_20250204_11_43_41_Pro_jpg.rf.6367ff225195fbf47b7fef556e98f0aa.jpg,3,3,0
WIN_20250204_11_50_10_Pro_jpg.rf.6d673380dbd8296290d2498936115bff.jpg,4,4,0
WIN_20250204_12_01_45_Pro_jpg.rf.3aae824f1471c6174b5808c6ac3d4fa2.jpg,4,4,0
WIN_20250204_12_10_45_Pro_jpg.rf.c4c7c6760d0bf04c5d1d9b65dfde8666.jpg,3,3,0
WIN_20250204_12_10_50_Pro_jpg.rf.2a195cdb9eedab5e9915c8d2daccdd46.jpg,3,3,0
